<?xml version="1.0">
<font 
 min_char=32 max_char=126
 italic_start=95 italic_end=189
 bold_start=190 bold_end=285 >
	<glyph width=9 height=17 xoff=0 yoff=0 />
	<glyph width=9 height=17 xoff=9 yoff=0 />
	<glyph width=9 height=17 xoff=18 yoff=0 />
	<glyph width=9 height=17 xoff=27 yoff=0 />
	<glyph width=9 height=17 xoff=36 yoff=0 />
	<glyph width=9 height=17 xoff=45 yoff=0 />
	<glyph width=9 height=17 xoff=54 yoff=0 />
	<glyph width=9 height=17 xoff=63 yoff=0 />
	<glyph width=9 height=17 xoff=72 yoff=0 />
	<glyph width=9 height=17 xoff=81 yoff=0 />
	<glyph width=9 height=17 xoff=90 yoff=0 />
	<glyph width=9 height=17 xoff=99 yoff=0 />
	<glyph width=9 height=17 xoff=108 yoff=0 />
	<glyph width=9 height=17 xoff=117 yoff=0 />
	<glyph width=9 height=17 xoff=126 yoff=0 />
	<glyph width=9 height=17 xoff=135 yoff=0 />
	<glyph width=9 height=17 xoff=144 yoff=0 />
	<glyph width=9 height=17 xoff=153 yoff=0 />
	<glyph width=9 height=17 xoff=162 yoff=0 />
	<glyph width=9 height=17 xoff=171 yoff=0 />
	<glyph width=9 height=17 xoff=180 yoff=0 />
	<glyph width=9 height=17 xoff=189 yoff=0 />
	<glyph width=9 height=17 xoff=198 yoff=0 />
	<glyph width=9 height=17 xoff=207 yoff=0 />
	<glyph width=9 height=17 xoff=216 yoff=0 />
	<glyph width=9 height=17 xoff=225 yoff=0 />
	<glyph width=9 height=17 xoff=234 yoff=0 />
	<glyph width=9 height=17 xoff=243 yoff=0 />
	<glyph width=9 height=17 xoff=0 yoff=17 />
	<glyph width=9 height=17 xoff=9 yoff=17 />
	<glyph width=9 height=17 xoff=18 yoff=17 />
	<glyph width=9 height=17 xoff=27 yoff=17 />
	<glyph width=9 height=17 xoff=36 yoff=17 />
	<glyph width=9 height=17 xoff=45 yoff=17 />
	<glyph width=9 height=17 xoff=54 yoff=17 />
	<glyph width=9 height=17 xoff=63 yoff=17 />
	<glyph width=9 height=17 xoff=72 yoff=17 />
	<glyph width=9 height=17 xoff=81 yoff=17 />
	<glyph width=9 height=17 xoff=90 yoff=17 />
	<glyph width=9 height=17 xoff=99 yoff=17 />
	<glyph width=9 height=17 xoff=108 yoff=17 />
	<glyph width=9 height=17 xoff=117 yoff=17 />
	<glyph width=9 height=17 xoff=126 yoff=17 />
	<glyph width=9 height=17 xoff=135 yoff=17 />
	<glyph width=9 height=17 xoff=144 yoff=17 />
	<glyph width=9 height=17 xoff=153 yoff=17 />
	<glyph width=9 height=17 xoff=162 yoff=17 />
	<glyph width=9 height=17 xoff=171 yoff=17 />
	<glyph width=9 height=17 xoff=180 yoff=17 />
	<glyph width=9 height=17 xoff=189 yoff=17 />
	<glyph width=9 height=17 xoff=198 yoff=17 />
	<glyph width=9 height=17 xoff=207 yoff=17 />
	<glyph width=9 height=17 xoff=216 yoff=17 />
	<glyph width=9 height=17 xoff=225 yoff=17 />
	<glyph width=9 height=17 xoff=234 yoff=17 />
	<glyph width=9 height=17 xoff=243 yoff=17 />
	<glyph width=9 height=17 xoff=0 yoff=34 />
	<glyph width=9 height=17 xoff=9 yoff=34 />
	<glyph width=9 height=17 xoff=18 yoff=34 />
	<glyph width=9 height=17 xoff=27 yoff=34 />
	<glyph width=9 height=17 xoff=36 yoff=34 />
	<glyph width=9 height=17 xoff=45 yoff=34 />
	<glyph width=9 height=17 xoff=54 yoff=34 />
	<glyph width=9 height=17 xoff=63 yoff=34 />
	<glyph width=9 height=17 xoff=72 yoff=34 />
	<glyph width=9 height=17 xoff=81 yoff=34 />
	<glyph width=9 height=17 xoff=90 yoff=34 />
	<glyph width=9 height=17 xoff=99 yoff=34 />
	<glyph width=9 height=17 xoff=108 yoff=34 />
	<glyph width=9 height=17 xoff=117 yoff=34 />
	<glyph width=9 height=17 xoff=126 yoff=34 />
	<glyph width=9 height=17 xoff=135 yoff=34 />
	<glyph width=9 height=17 xoff=144 yoff=34 />
	<glyph width=9 height=17 xoff=153 yoff=34 />
	<glyph width=9 height=17 xoff=162 yoff=34 />
	<glyph width=9 height=17 xoff=171 yoff=34 />
	<glyph width=9 height=17 xoff=180 yoff=34 />
	<glyph width=9 height=17 xoff=189 yoff=34 />
	<glyph width=9 height=17 xoff=198 yoff=34 />
	<glyph width=9 height=17 xoff=207 yoff=34 />
	<glyph width=9 height=17 xoff=216 yoff=34 />
	<glyph width=9 height=17 xoff=225 yoff=34 />
	<glyph width=9 height=17 xoff=234 yoff=34 />
	<glyph width=9 height=17 xoff=243 yoff=34 />
	<glyph width=9 height=17 xoff=0 yoff=51 />
	<glyph width=9 height=17 xoff=9 yoff=51 />
	<glyph width=9 height=17 xoff=18 yoff=51 />
	<glyph width=9 height=17 xoff=27 yoff=51 />
	<glyph width=9 height=17 xoff=36 yoff=51 />
	<glyph width=9 height=17 xoff=45 yoff=51 />
	<glyph width=9 height=17 xoff=54 yoff=51 />
	<glyph width=9 height=17 xoff=63 yoff=51 />
	<glyph width=9 height=17 xoff=72 yoff=51 />
	<glyph width=9 height=17 xoff=81 yoff=51 />
	<glyph width=9 height=17 xoff=90 yoff=51 />
	<glyph width=10 height=18 xoff=99 yoff=51 />
	<glyph width=10 height=18 xoff=109 yoff=51 />
	<glyph width=10 height=18 xoff=119 yoff=51 />
	<glyph width=10 height=18 xoff=129 yoff=51 />
	<glyph width=10 height=18 xoff=139 yoff=51 />
	<glyph width=10 height=18 xoff=149 yoff=51 />
	<glyph width=1 height=18 xoff=159 yoff=51 />
	<glyph width=10 height=18 xoff=160 yoff=51 />
	<glyph width=10 height=18 xoff=170 yoff=51 />
	<glyph width=10 height=18 xoff=180 yoff=51 />
	<glyph width=10 height=18 xoff=190 yoff=51 />
	<glyph width=10 height=18 xoff=200 yoff=51 />
	<glyph width=10 height=18 xoff=210 yoff=51 />
	<glyph width=10 height=18 xoff=220 yoff=51 />
	<glyph width=10 height=18 xoff=230 yoff=51 />
	<glyph width=10 height=18 xoff=240 yoff=51 />
	<glyph width=10 height=18 xoff=0 yoff=69 />
	<glyph width=10 height=18 xoff=10 yoff=69 />
	<glyph width=10 height=18 xoff=20 yoff=69 />
	<glyph width=10 height=18 xoff=30 yoff=69 />
	<glyph width=10 height=18 xoff=40 yoff=69 />
	<glyph width=10 height=18 xoff=50 yoff=69 />
	<glyph width=10 height=18 xoff=60 yoff=69 />
	<glyph width=10 height=18 xoff=70 yoff=69 />
	<glyph width=10 height=18 xoff=80 yoff=69 />
	<glyph width=10 height=18 xoff=90 yoff=69 />
	<glyph width=10 height=18 xoff=100 yoff=69 />
	<glyph width=10 height=18 xoff=110 yoff=69 />
	<glyph width=10 height=18 xoff=120 yoff=69 />
	<glyph width=10 height=18 xoff=130 yoff=69 />
	<glyph width=10 height=18 xoff=140 yoff=69 />
	<glyph width=10 height=18 xoff=150 yoff=69 />
	<glyph width=10 height=18 xoff=160 yoff=69 />
	<glyph width=10 height=18 xoff=170 yoff=69 />
	<glyph width=10 height=18 xoff=180 yoff=69 />
	<glyph width=10 height=18 xoff=190 yoff=69 />
	<glyph width=10 height=18 xoff=200 yoff=69 />
	<glyph width=10 height=18 xoff=210 yoff=69 />
	<glyph width=10 height=18 xoff=220 yoff=69 />
	<glyph width=10 height=18 xoff=230 yoff=69 />
	<glyph width=10 height=18 xoff=240 yoff=69 />
	<glyph width=10 height=18 xoff=0 yoff=87 />
	<glyph width=10 height=18 xoff=10 yoff=87 />
	<glyph width=10 height=18 xoff=20 yoff=87 />
	<glyph width=10 height=18 xoff=30 yoff=87 />
	<glyph width=10 height=18 xoff=40 yoff=87 />
	<glyph width=10 height=18 xoff=50 yoff=87 />
	<glyph width=10 height=18 xoff=60 yoff=87 />
	<glyph width=10 height=18 xoff=70 yoff=87 />
	<glyph width=10 height=18 xoff=80 yoff=87 />
	<glyph width=10 height=18 xoff=90 yoff=87 />
	<glyph width=10 height=18 xoff=100 yoff=87 />
	<glyph width=10 height=18 xoff=110 yoff=87 />
	<glyph width=10 height=18 xoff=120 yoff=87 />
	<glyph width=10 height=18 xoff=130 yoff=87 />
	<glyph width=10 height=18 xoff=140 yoff=87 />
	<glyph width=10 height=18 xoff=150 yoff=87 />
	<glyph width=10 height=18 xoff=160 yoff=87 />
	<glyph width=10 height=18 xoff=170 yoff=87 />
	<glyph width=10 height=18 xoff=180 yoff=87 />
	<glyph width=10 height=18 xoff=190 yoff=87 />
	<glyph width=10 height=18 xoff=200 yoff=87 />
	<glyph width=10 height=18 xoff=210 yoff=87 />
	<glyph width=10 height=18 xoff=220 yoff=87 />
	<glyph width=10 height=18 xoff=230 yoff=87 />
	<glyph width=10 height=18 xoff=240 yoff=87 />
	<glyph width=10 height=18 xoff=0 yoff=105 />
	<glyph width=10 height=18 xoff=10 yoff=105 />
	<glyph width=10 height=18 xoff=20 yoff=105 />
	<glyph width=10 height=18 xoff=30 yoff=105 />
	<glyph width=10 height=18 xoff=40 yoff=105 />
	<glyph width=10 height=18 xoff=50 yoff=105 />
	<glyph width=10 height=18 xoff=60 yoff=105 />
	<glyph width=10 height=18 xoff=70 yoff=105 />
	<glyph width=10 height=18 xoff=80 yoff=105 />
	<glyph width=10 height=18 xoff=90 yoff=105 />
	<glyph width=10 height=18 xoff=100 yoff=105 />
	<glyph width=10 height=18 xoff=110 yoff=105 />
	<glyph width=10 height=18 xoff=120 yoff=105 />
	<glyph width=10 height=18 xoff=130 yoff=105 />
	<glyph width=10 height=18 xoff=140 yoff=105 />
	<glyph width=10 height=18 xoff=150 yoff=105 />
	<glyph width=10 height=18 xoff=160 yoff=105 />
	<glyph width=10 height=18 xoff=170 yoff=105 />
	<glyph width=10 height=18 xoff=180 yoff=105 />
	<glyph width=10 height=18 xoff=190 yoff=105 />
	<glyph width=10 height=18 xoff=200 yoff=105 />
	<glyph width=10 height=18 xoff=210 yoff=105 />
	<glyph width=10 height=18 xoff=220 yoff=105 />
	<glyph width=10 height=18 xoff=230 yoff=105 />
	<glyph width=10 height=18 xoff=240 yoff=105 />
	<glyph width=10 height=18 xoff=0 yoff=123 />
	<glyph width=10 height=18 xoff=10 yoff=123 />
	<glyph width=10 height=18 xoff=20 yoff=123 />
	<glyph width=10 height=18 xoff=30 yoff=123 />
	<glyph width=9 height=17 xoff=40 yoff=123 />
	<glyph width=9 height=17 xoff=49 yoff=123 />
	<glyph width=9 height=17 xoff=58 yoff=123 />
	<glyph width=9 height=17 xoff=67 yoff=123 />
	<glyph width=9 height=17 xoff=76 yoff=123 />
	<glyph width=9 height=17 xoff=85 yoff=123 />
	<glyph width=0 height=17 xoff=94 yoff=123 />
	<glyph width=9 height=17 xoff=94 yoff=123 />
	<glyph width=9 height=17 xoff=103 yoff=123 />
	<glyph width=9 height=17 xoff=112 yoff=123 />
	<glyph width=9 height=17 xoff=121 yoff=123 />
	<glyph width=9 height=17 xoff=130 yoff=123 />
	<glyph width=9 height=17 xoff=139 yoff=123 />
	<glyph width=9 height=17 xoff=148 yoff=123 />
	<glyph width=9 height=17 xoff=157 yoff=123 />
	<glyph width=9 height=17 xoff=166 yoff=123 />
	<glyph width=9 height=17 xoff=175 yoff=123 />
	<glyph width=9 height=17 xoff=184 yoff=123 />
	<glyph width=9 height=17 xoff=193 yoff=123 />
	<glyph width=9 height=17 xoff=202 yoff=123 />
	<glyph width=9 height=17 xoff=211 yoff=123 />
	<glyph width=9 height=17 xoff=220 yoff=123 />
	<glyph width=9 height=17 xoff=229 yoff=123 />
	<glyph width=9 height=17 xoff=238 yoff=123 />
	<glyph width=9 height=17 xoff=247 yoff=123 />
	<glyph width=9 height=17 xoff=0 yoff=141 />
	<glyph width=9 height=17 xoff=9 yoff=141 />
	<glyph width=9 height=17 xoff=18 yoff=141 />
	<glyph width=9 height=17 xoff=27 yoff=141 />
	<glyph width=9 height=17 xoff=36 yoff=141 />
	<glyph width=9 height=17 xoff=45 yoff=141 />
	<glyph width=9 height=17 xoff=54 yoff=141 />
	<glyph width=9 height=17 xoff=63 yoff=141 />
	<glyph width=9 height=17 xoff=72 yoff=141 />
	<glyph width=9 height=17 xoff=81 yoff=141 />
	<glyph width=9 height=17 xoff=90 yoff=141 />
	<glyph width=9 height=17 xoff=99 yoff=141 />
	<glyph width=9 height=17 xoff=108 yoff=141 />
	<glyph width=9 height=17 xoff=117 yoff=141 />
	<glyph width=9 height=17 xoff=126 yoff=141 />
	<glyph width=9 height=17 xoff=135 yoff=141 />
	<glyph width=9 height=17 xoff=144 yoff=141 />
	<glyph width=9 height=17 xoff=153 yoff=141 />
	<glyph width=9 height=17 xoff=162 yoff=141 />
	<glyph width=9 height=17 xoff=171 yoff=141 />
	<glyph width=9 height=17 xoff=180 yoff=141 />
	<glyph width=9 height=17 xoff=189 yoff=141 />
	<glyph width=9 height=17 xoff=198 yoff=141 />
	<glyph width=9 height=17 xoff=207 yoff=141 />
	<glyph width=9 height=17 xoff=216 yoff=141 />
	<glyph width=9 height=17 xoff=225 yoff=141 />
	<glyph width=9 height=17 xoff=234 yoff=141 />
	<glyph width=9 height=17 xoff=243 yoff=141 />
	<glyph width=9 height=17 xoff=0 yoff=158 />
	<glyph width=9 height=17 xoff=9 yoff=158 />
	<glyph width=9 height=17 xoff=18 yoff=158 />
	<glyph width=9 height=17 xoff=27 yoff=158 />
	<glyph width=9 height=17 xoff=36 yoff=158 />
	<glyph width=9 height=17 xoff=45 yoff=158 />
	<glyph width=9 height=17 xoff=54 yoff=158 />
	<glyph width=9 height=17 xoff=63 yoff=158 />
	<glyph width=9 height=17 xoff=72 yoff=158 />
	<glyph width=9 height=17 xoff=81 yoff=158 />
	<glyph width=9 height=17 xoff=90 yoff=158 />
	<glyph width=9 height=17 xoff=99 yoff=158 />
	<glyph width=9 height=17 xoff=108 yoff=158 />
	<glyph width=9 height=17 xoff=117 yoff=158 />
	<glyph width=9 height=17 xoff=126 yoff=158 />
	<glyph width=9 height=17 xoff=135 yoff=158 />
	<glyph width=9 height=17 xoff=144 yoff=158 />
	<glyph width=9 height=17 xoff=153 yoff=158 />
	<glyph width=9 height=17 xoff=162 yoff=158 />
	<glyph width=9 height=17 xoff=171 yoff=158 />
	<glyph width=9 height=17 xoff=180 yoff=158 />
	<glyph width=9 height=17 xoff=189 yoff=158 />
	<glyph width=9 height=17 xoff=198 yoff=158 />
	<glyph width=9 height=17 xoff=207 yoff=158 />
	<glyph width=9 height=17 xoff=216 yoff=158 />
	<glyph width=9 height=17 xoff=225 yoff=158 />
	<glyph width=9 height=17 xoff=234 yoff=158 />
	<glyph width=9 height=17 xoff=243 yoff=158 />
	<glyph width=9 height=17 xoff=0 yoff=175 />
	<glyph width=9 height=17 xoff=9 yoff=175 />
	<glyph width=9 height=17 xoff=18 yoff=175 />
	<glyph width=9 height=17 xoff=27 yoff=175 />
	<glyph width=9 height=17 xoff=36 yoff=175 />
	<glyph width=9 height=17 xoff=45 yoff=175 />
	<glyph width=9 height=17 xoff=54 yoff=175 />
	<glyph width=9 height=17 xoff=63 yoff=175 />
	<glyph width=9 height=17 xoff=72 yoff=175 />
	<glyph width=9 height=17 xoff=81 yoff=175 />
	<glyph width=9 height=17 xoff=90 yoff=175 />
	<glyph width=9 height=17 xoff=99 yoff=175 />
	<glyph width=9 height=17 xoff=108 yoff=175 />
	<glyph width=9 height=17 xoff=117 yoff=175 />
	<glyph width=0 height=0 xoff=0 yoff=0 />
</font>
