<?xml version="1.0">
<font
 min_char=32 max_char=126
 italic_start=95 italic_end=189
 bold_start=190 bold_end=285 >
	<glyph width=4 height=19 xoff=0 yoff=0 />
	<glyph width=5 height=19 xoff=4 yoff=0 />
	<glyph width=5 height=19 xoff=9 yoff=0 />
	<glyph width=8 height=19 xoff=14 yoff=0 />
	<glyph width=8 height=19 xoff=22 yoff=0 />
	<glyph width=13 height=19 xoff=30 yoff=0 />
	<glyph width=12 height=19 xoff=43 yoff=0 />
	<glyph width=3 height=19 xoff=55 yoff=0 />
	<glyph width=5 height=19 xoff=58 yoff=0 />
	<glyph width=5 height=19 xoff=63 yoff=0 />
	<glyph width=8 height=19 xoff=68 yoff=0 />
	<glyph width=9 height=19 xoff=76 yoff=0 />
	<glyph width=4 height=19 xoff=85 yoff=0 />
	<glyph width=6 height=19 xoff=89 yoff=0 />
	<glyph width=4 height=19 xoff=95 yoff=0 />
	<glyph width=4 height=19 xoff=99 yoff=0 />
	<glyph width=8 height=19 xoff=103 yoff=0 />
	<glyph width=8 height=19 xoff=111 yoff=0 />
	<glyph width=8 height=19 xoff=119 yoff=0 />
	<glyph width=8 height=19 xoff=127 yoff=0 />
	<glyph width=8 height=19 xoff=135 yoff=0 />
	<glyph width=8 height=19 xoff=143 yoff=0 />
	<glyph width=8 height=19 xoff=151 yoff=0 />
	<glyph width=8 height=19 xoff=159 yoff=0 />
	<glyph width=8 height=19 xoff=167 yoff=0 />
	<glyph width=8 height=19 xoff=175 yoff=0 />
	<glyph width=3 height=19 xoff=183 yoff=0 />
	<glyph width=4 height=19 xoff=186 yoff=0 />
	<glyph width=9 height=19 xoff=190 yoff=0 />
	<glyph width=9 height=19 xoff=199 yoff=0 />
	<glyph width=9 height=19 xoff=208 yoff=0 />
	<glyph width=7 height=19 xoff=217 yoff=0 />
	<glyph width=15 height=19 xoff=224 yoff=0 />
	<glyph width=11 height=19 xoff=239 yoff=0 />
	<glyph width=10 height=19 xoff=250 yoff=0 />
	<glyph width=11 height=19 xoff=260 yoff=0 />
	<glyph width=11 height=19 xoff=271 yoff=0 />
	<glyph width=9 height=19 xoff=282 yoff=0 />
	<glyph width=9 height=19 xoff=291 yoff=0 />
	<glyph width=11 height=19 xoff=300 yoff=0 />
	<glyph width=11 height=19 xoff=311 yoff=0 />
	<glyph width=5 height=19 xoff=322 yoff=0 />
	<glyph width=6 height=19 xoff=327 yoff=0 />
	<glyph width=12 height=19 xoff=333 yoff=0 />
	<glyph width=9 height=19 xoff=345 yoff=0 />
	<glyph width=14 height=19 xoff=354 yoff=0 />
	<glyph width=12 height=19 xoff=368 yoff=0 />
	<glyph width=12 height=19 xoff=380 yoff=0 />
	<glyph width=9 height=19 xoff=392 yoff=0 />
	<glyph width=12 height=19 xoff=401 yoff=0 />
	<glyph width=10 height=19 xoff=413 yoff=0 />
	<glyph width=9 height=19 xoff=423 yoff=0 />
	<glyph width=9 height=19 xoff=432 yoff=0 />
	<glyph width=11 height=19 xoff=441 yoff=0 />
	<glyph width=11 height=19 xoff=452 yoff=0 />
	<glyph width=15 height=19 xoff=463 yoff=0 />
	<glyph width=11 height=19 xoff=478 yoff=0 />
	<glyph width=11 height=19 xoff=489 yoff=0 />
	<glyph width=9 height=19 xoff=500 yoff=0 />
	<glyph width=5 height=19 xoff=0 yoff=19 />
	<glyph width=4 height=19 xoff=5 yoff=19 />
	<glyph width=5 height=19 xoff=9 yoff=19 />
	<glyph width=8 height=19 xoff=14 yoff=19 />
	<glyph width=8 height=19 xoff=22 yoff=19 />
	<glyph width=5 height=19 xoff=30 yoff=19 />
	<glyph width=7 height=19 xoff=35 yoff=19 />
	<glyph width=8 height=19 xoff=42 yoff=19 />
	<glyph width=7 height=19 xoff=50 yoff=19 />
	<glyph width=8 height=19 xoff=57 yoff=19 />
	<glyph width=7 height=19 xoff=65 yoff=19 />
	<glyph width=4 height=19 xoff=72 yoff=19 />
	<glyph width=7 height=19 xoff=76 yoff=19 />
	<glyph width=7 height=19 xoff=83 yoff=19 />
	<glyph width=3 height=19 xoff=90 yoff=19 />
	<glyph width=4 height=19 xoff=93 yoff=19 />
	<glyph width=8 height=19 xoff=97 yoff=19 />
	<glyph width=3 height=19 xoff=105 yoff=19 />
	<glyph width=11 height=19 xoff=108 yoff=19 />
	<glyph width=7 height=19 xoff=119 yoff=19 />
	<glyph width=8 height=19 xoff=126 yoff=19 />
	<glyph width=8 height=19 xoff=134 yoff=19 />
	<glyph width=8 height=19 xoff=142 yoff=19 />
	<glyph width=5 height=19 xoff=150 yoff=19 />
	<glyph width=6 height=19 xoff=155 yoff=19 />
	<glyph width=4 height=19 xoff=161 yoff=19 />
	<glyph width=7 height=19 xoff=165 yoff=19 />
	<glyph width=7 height=19 xoff=172 yoff=19 />
	<glyph width=11 height=19 xoff=179 yoff=19 />
	<glyph width=7 height=19 xoff=190 yoff=19 />
	<glyph width=7 height=19 xoff=197 yoff=19 />
	<glyph width=6 height=19 xoff=204 yoff=19 />
	<glyph width=7 height=19 xoff=210 yoff=19 />
	<glyph width=3 height=19 xoff=217 yoff=19 />
	<glyph width=8 height=19 xoff=220 yoff=19 />
	<glyph width=9 height=19 xoff=228 yoff=19 />
	<glyph width=5 height=19 xoff=237 yoff=19 />
	<glyph width=5 height=19 xoff=242 yoff=19 />
	<glyph width=9 height=19 xoff=247 yoff=19 />
	<glyph width=9 height=19 xoff=256 yoff=19 />
	<glyph width=9 height=19 xoff=265 yoff=19 />
	<glyph width=14 height=19 xoff=274 yoff=19 />
	<glyph width=1 height=19 xoff=288 yoff=19 />
	<glyph width=4 height=19 xoff=289 yoff=19 />
	<glyph width=6 height=19 xoff=293 yoff=19 />
	<glyph width=6 height=19 xoff=299 yoff=19 />
	<glyph width=9 height=19 xoff=305 yoff=19 />
	<glyph width=12 height=19 xoff=314 yoff=19 />
	<glyph width=5 height=19 xoff=326 yoff=19 />
	<glyph width=6 height=19 xoff=331 yoff=19 />
	<glyph width=5 height=19 xoff=337 yoff=19 />
	<glyph width=5 height=19 xoff=342 yoff=19 />
	<glyph width=9 height=19 xoff=347 yoff=19 />
	<glyph width=9 height=19 xoff=356 yoff=19 />
	<glyph width=9 height=19 xoff=365 yoff=19 />
	<glyph width=9 height=19 xoff=374 yoff=19 />
	<glyph width=9 height=19 xoff=383 yoff=19 />
	<glyph width=9 height=19 xoff=392 yoff=19 />
	<glyph width=9 height=19 xoff=401 yoff=19 />
	<glyph width=9 height=19 xoff=410 yoff=19 />
	<glyph width=9 height=19 xoff=419 yoff=19 />
	<glyph width=9 height=19 xoff=428 yoff=19 />
	<glyph width=6 height=19 xoff=437 yoff=19 />
	<glyph width=6 height=19 xoff=443 yoff=19 />
	<glyph width=12 height=19 xoff=449 yoff=19 />
	<glyph width=12 height=19 xoff=461 yoff=19 />
	<glyph width=12 height=19 xoff=473 yoff=19 />
	<glyph width=9 height=19 xoff=485 yoff=19 />
	<glyph width=16 height=19 xoff=494 yoff=19 />
	<glyph width=11 height=19 xoff=0 yoff=38 />
	<glyph width=10 height=19 xoff=11 yoff=38 />
	<glyph width=12 height=19 xoff=21 yoff=38 />
	<glyph width=12 height=19 xoff=33 yoff=38 />
	<glyph width=11 height=19 xoff=45 yoff=38 />
	<glyph width=11 height=19 xoff=56 yoff=38 />
	<glyph width=13 height=19 xoff=67 yoff=38 />
	<glyph width=12 height=19 xoff=80 yoff=38 />
	<glyph width=6 height=19 xoff=92 yoff=38 />
	<glyph width=8 height=19 xoff=98 yoff=38 />
	<glyph width=12 height=19 xoff=106 yoff=38 />
	<glyph width=10 height=19 xoff=118 yoff=38 />
	<glyph width=14 height=19 xoff=128 yoff=38 />
	<glyph width=12 height=19 xoff=142 yoff=38 />
	<glyph width=12 height=19 xoff=154 yoff=38 />
	<glyph width=11 height=19 xoff=166 yoff=38 />
	<glyph width=12 height=19 xoff=177 yoff=38 />
	<glyph width=10 height=19 xoff=189 yoff=38 />
	<glyph width=9 height=19 xoff=199 yoff=38 />
	<glyph width=10 height=19 xoff=208 yoff=38 />
	<glyph width=13 height=19 xoff=218 yoff=38 />
	<glyph width=11 height=19 xoff=231 yoff=38 />
	<glyph width=14 height=19 xoff=242 yoff=38 />
	<glyph width=11 height=19 xoff=256 yoff=38 />
	<glyph width=9 height=19 xoff=267 yoff=38 />
	<glyph width=10 height=19 xoff=276 yoff=38 />
	<glyph width=8 height=19 xoff=286 yoff=38 />
	<glyph width=5 height=19 xoff=294 yoff=38 />
	<glyph width=8 height=19 xoff=299 yoff=38 />
	<glyph width=8 height=19 xoff=307 yoff=38 />
	<glyph width=9 height=19 xoff=315 yoff=38 />
	<glyph width=6 height=19 xoff=324 yoff=38 />
	<glyph width=9 height=19 xoff=330 yoff=38 />
	<glyph width=9 height=19 xoff=339 yoff=38 />
	<glyph width=8 height=19 xoff=348 yoff=38 />
	<glyph width=9 height=19 xoff=356 yoff=38 />
	<glyph width=8 height=19 xoff=365 yoff=38 />
	<glyph width=6 height=19 xoff=373 yoff=38 />
	<glyph width=9 height=19 xoff=379 yoff=38 />
	<glyph width=9 height=19 xoff=388 yoff=38 />
	<glyph width=5 height=19 xoff=397 yoff=38 />
	<glyph width=6 height=19 xoff=402 yoff=38 />
	<glyph width=9 height=19 xoff=408 yoff=38 />
	<glyph width=5 height=19 xoff=417 yoff=38 />
	<glyph width=13 height=19 xoff=422 yoff=38 />
	<glyph width=9 height=19 xoff=435 yoff=38 />
	<glyph width=9 height=19 xoff=444 yoff=38 />
	<glyph width=9 height=19 xoff=453 yoff=38 />
	<glyph width=9 height=19 xoff=462 yoff=38 />
	<glyph width=7 height=19 xoff=471 yoff=38 />
	<glyph width=7 height=19 xoff=478 yoff=38 />
	<glyph width=6 height=19 xoff=485 yoff=38 />
	<glyph width=9 height=19 xoff=491 yoff=38 />
	<glyph width=9 height=19 xoff=500 yoff=38 />
	<glyph width=12 height=19 xoff=0 yoff=57 />
	<glyph width=9 height=19 xoff=12 yoff=57 />
	<glyph width=8 height=19 xoff=21 yoff=57 />
	<glyph width=7 height=19 xoff=29 yoff=57 />
	<glyph width=7 height=19 xoff=36 yoff=57 />
	<glyph width=5 height=19 xoff=43 yoff=57 />
	<glyph width=7 height=19 xoff=48 yoff=57 />
	<glyph width=10 height=19 xoff=55 yoff=57 />
	<glyph width=4 height=19 xoff=65 yoff=57 />
	<glyph width=5 height=19 xoff=69 yoff=57 />
	<glyph width=9 height=19 xoff=74 yoff=57 />
	<glyph width=8 height=19 xoff=83 yoff=57 />
	<glyph width=8 height=19 xoff=91 yoff=57 />
	<glyph width=16 height=19 xoff=99 yoff=57 />
	<glyph width=0 height=19 xoff=115 yoff=57 />
	<glyph width=4 height=19 xoff=115 yoff=57 />
	<glyph width=5 height=19 xoff=119 yoff=57 />
	<glyph width=5 height=19 xoff=124 yoff=57 />
	<glyph width=8 height=19 xoff=129 yoff=57 />
	<glyph width=9 height=19 xoff=137 yoff=57 />
	<glyph width=4 height=19 xoff=146 yoff=57 />
	<glyph width=5 height=19 xoff=150 yoff=57 />
	<glyph width=4 height=19 xoff=155 yoff=57 />
	<glyph width=4 height=19 xoff=159 yoff=57 />
	<glyph width=8 height=19 xoff=163 yoff=57 />
	<glyph width=8 height=19 xoff=171 yoff=57 />
	<glyph width=8 height=19 xoff=179 yoff=57 />
	<glyph width=8 height=19 xoff=187 yoff=57 />
	<glyph width=8 height=19 xoff=195 yoff=57 />
	<glyph width=8 height=19 xoff=203 yoff=57 />
	<glyph width=8 height=19 xoff=211 yoff=57 />
	<glyph width=8 height=19 xoff=219 yoff=57 />
	<glyph width=8 height=19 xoff=227 yoff=57 />
	<glyph width=8 height=19 xoff=235 yoff=57 />
	<glyph width=5 height=19 xoff=243 yoff=57 />
	<glyph width=5 height=19 xoff=248 yoff=57 />
	<glyph width=9 height=19 xoff=253 yoff=57 />
	<glyph width=9 height=19 xoff=262 yoff=57 />
	<glyph width=9 height=19 xoff=271 yoff=57 />
	<glyph width=8 height=19 xoff=280 yoff=57 />
	<glyph width=15 height=19 xoff=288 yoff=57 />
	<glyph width=11 height=19 xoff=303 yoff=57 />
	<glyph width=11 height=19 xoff=314 yoff=57 />
	<glyph width=11 height=19 xoff=325 yoff=57 />
	<glyph width=12 height=19 xoff=336 yoff=57 />
	<glyph width=10 height=19 xoff=348 yoff=57 />
	<glyph width=9 height=19 xoff=358 yoff=57 />
	<glyph width=12 height=19 xoff=367 yoff=57 />
	<glyph width=12 height=19 xoff=379 yoff=57 />
	<glyph width=6 height=19 xoff=391 yoff=57 />
	<glyph width=8 height=19 xoff=397 yoff=57 />
	<glyph width=12 height=19 xoff=405 yoff=57 />
	<glyph width=10 height=19 xoff=417 yoff=57 />
	<glyph width=16 height=19 xoff=427 yoff=57 />
	<glyph width=12 height=19 xoff=443 yoff=57 />
	<glyph width=12 height=19 xoff=455 yoff=57 />
	<glyph width=9 height=19 xoff=467 yoff=57 />
	<glyph width=12 height=19 xoff=476 yoff=57 />
	<glyph width=12 height=19 xoff=488 yoff=57 />
	<glyph width=9 height=19 xoff=500 yoff=57 />
	<glyph width=10 height=19 xoff=0 yoff=76 />
	<glyph width=11 height=19 xoff=10 yoff=76 />
	<glyph width=11 height=19 xoff=21 yoff=76 />
	<glyph width=15 height=19 xoff=32 yoff=76 />
	<glyph width=11 height=19 xoff=47 yoff=76 />
	<glyph width=10 height=19 xoff=58 yoff=76 />
	<glyph width=9 height=19 xoff=68 yoff=76 />
	<glyph width=5 height=19 xoff=77 yoff=76 />
	<glyph width=4 height=19 xoff=82 yoff=76 />
	<glyph width=5 height=19 xoff=86 yoff=76 />
	<glyph width=9 height=19 xoff=91 yoff=76 />
	<glyph width=8 height=19 xoff=100 yoff=76 />
	<glyph width=5 height=19 xoff=108 yoff=76 />
	<glyph width=8 height=19 xoff=113 yoff=76 />
	<glyph width=8 height=19 xoff=121 yoff=76 />
	<glyph width=7 height=19 xoff=129 yoff=76 />
	<glyph width=8 height=19 xoff=136 yoff=76 />
	<glyph width=8 height=19 xoff=144 yoff=76 />
	<glyph width=5 height=19 xoff=152 yoff=76 />
	<glyph width=8 height=19 xoff=157 yoff=76 />
	<glyph width=8 height=19 xoff=165 yoff=76 />
	<glyph width=4 height=19 xoff=173 yoff=76 />
	<glyph width=4 height=19 xoff=177 yoff=76 />
	<glyph width=9 height=19 xoff=181 yoff=76 />
	<glyph width=4 height=19 xoff=190 yoff=76 />
	<glyph width=12 height=19 xoff=194 yoff=76 />
	<glyph width=8 height=19 xoff=206 yoff=76 />
	<glyph width=8 height=19 xoff=214 yoff=76 />
	<glyph width=8 height=19 xoff=222 yoff=76 />
	<glyph width=8 height=19 xoff=230 yoff=76 />
	<glyph width=6 height=19 xoff=238 yoff=76 />
	<glyph width=7 height=19 xoff=244 yoff=76 />
	<glyph width=5 height=19 xoff=251 yoff=76 />
	<glyph width=8 height=19 xoff=256 yoff=76 />
	<glyph width=8 height=19 xoff=264 yoff=76 />
	<glyph width=10 height=19 xoff=272 yoff=76 />
	<glyph width=8 height=19 xoff=282 yoff=76 />
	<glyph width=8 height=19 xoff=290 yoff=76 />
	<glyph width=6 height=19 xoff=298 yoff=76 />
	<glyph width=6 height=19 xoff=304 yoff=76 />
	<glyph width=3 height=19 xoff=310 yoff=76 />
	<glyph width=6 height=19 xoff=313 yoff=76 />
	<glyph width=8 height=19 xoff=319 yoff=76 />
	<glyph width=0 height=0 xoff=0 yoff=0 />
</font>
