<?xml version="1.0">
<font 
 min_char=32 max_char=126
 italic_start=95 italic_end=189
 bold_start=190 bold_end=285 >
	<glyph width=5 height=20 xoff=0 yoff=0 />
	<glyph width=6 height=20 xoff=5 yoff=0 />
	<glyph width=7 height=20 xoff=11 yoff=0 />
	<glyph width=12 height=20 xoff=18 yoff=0 />
	<glyph width=10 height=20 xoff=30 yoff=0 />
	<glyph width=16 height=20 xoff=40 yoff=0 />
	<glyph width=11 height=20 xoff=56 yoff=0 />
	<glyph width=4 height=20 xoff=67 yoff=0 />
	<glyph width=7 height=20 xoff=71 yoff=0 />
	<glyph width=7 height=20 xoff=78 yoff=0 />
	<glyph width=10 height=20 xoff=85 yoff=0 />
	<glyph width=12 height=20 xoff=95 yoff=0 />
	<glyph width=5 height=20 xoff=107 yoff=0 />
	<glyph width=7 height=20 xoff=112 yoff=0 />
	<glyph width=5 height=20 xoff=119 yoff=0 />
	<glyph width=7 height=20 xoff=124 yoff=0 />
	<glyph width=10 height=20 xoff=131 yoff=0 />
	<glyph width=10 height=20 xoff=141 yoff=0 />
	<glyph width=10 height=20 xoff=151 yoff=0 />
	<glyph width=10 height=20 xoff=161 yoff=0 />
	<glyph width=10 height=20 xoff=171 yoff=0 />
	<glyph width=10 height=20 xoff=181 yoff=0 />
	<glyph width=10 height=20 xoff=191 yoff=0 />
	<glyph width=10 height=20 xoff=201 yoff=0 />
	<glyph width=10 height=20 xoff=211 yoff=0 />
	<glyph width=10 height=20 xoff=221 yoff=0 />
	<glyph width=7 height=20 xoff=231 yoff=0 />
	<glyph width=7 height=20 xoff=238 yoff=0 />
	<glyph width=12 height=20 xoff=245 yoff=0 />
	<glyph width=12 height=20 xoff=257 yoff=0 />
	<glyph width=12 height=20 xoff=269 yoff=0 />
	<glyph width=8 height=20 xoff=281 yoff=0 />
	<glyph width=15 height=20 xoff=289 yoff=0 />
	<glyph width=10 height=20 xoff=304 yoff=0 />
	<glyph width=10 height=20 xoff=314 yoff=0 />
	<glyph width=11 height=20 xoff=324 yoff=0 />
	<glyph width=11 height=20 xoff=335 yoff=0 />
	<glyph width=9 height=20 xoff=346 yoff=0 />
	<glyph width=9 height=20 xoff=355 yoff=0 />
	<glyph width=12 height=20 xoff=364 yoff=0 />
	<glyph width=11 height=20 xoff=376 yoff=0 />
	<glyph width=5 height=20 xoff=387 yoff=0 />
	<glyph width=7 height=20 xoff=392 yoff=0 />
	<glyph width=10 height=20 xoff=399 yoff=0 />
	<glyph width=8 height=20 xoff=409 yoff=0 />
	<glyph width=13 height=20 xoff=417 yoff=0 />
	<glyph width=11 height=20 xoff=430 yoff=0 />
	<glyph width=12 height=20 xoff=441 yoff=0 />
	<glyph width=9 height=20 xoff=453 yoff=0 />
	<glyph width=12 height=20 xoff=462 yoff=0 />
	<glyph width=10 height=20 xoff=474 yoff=0 />
	<glyph width=10 height=20 xoff=484 yoff=0 />
	<glyph width=9 height=20 xoff=494 yoff=0 />
	<glyph width=11 height=20 xoff=0 yoff=20 />
	<glyph width=10 height=20 xoff=11 yoff=20 />
	<glyph width=15 height=20 xoff=21 yoff=20 />
	<glyph width=10 height=20 xoff=36 yoff=20 />
	<glyph width=9 height=20 xoff=46 yoff=20 />
	<glyph width=10 height=20 xoff=55 yoff=20 />
	<glyph width=7 height=20 xoff=65 yoff=20 />
	<glyph width=7 height=20 xoff=72 yoff=20 />
	<glyph width=7 height=20 xoff=79 yoff=20 />
	<glyph width=12 height=20 xoff=86 yoff=20 />
	<glyph width=10 height=20 xoff=98 yoff=20 />
	<glyph width=10 height=20 xoff=108 yoff=20 />
	<glyph width=9 height=20 xoff=118 yoff=20 />
	<glyph width=9 height=20 xoff=127 yoff=20 />
	<glyph width=8 height=20 xoff=136 yoff=20 />
	<glyph width=9 height=20 xoff=144 yoff=20 />
	<glyph width=9 height=20 xoff=153 yoff=20 />
	<glyph width=5 height=20 xoff=162 yoff=20 />
	<glyph width=9 height=20 xoff=167 yoff=20 />
	<glyph width=9 height=20 xoff=176 yoff=20 />
	<glyph width=3 height=20 xoff=185 yoff=20 />
	<glyph width=5 height=20 xoff=188 yoff=20 />
	<glyph width=9 height=20 xoff=193 yoff=20 />
	<glyph width=3 height=20 xoff=202 yoff=20 />
	<glyph width=15 height=20 xoff=205 yoff=20 />
	<glyph width=9 height=20 xoff=220 yoff=20 />
	<glyph width=10 height=20 xoff=229 yoff=20 />
	<glyph width=9 height=20 xoff=239 yoff=20 />
	<glyph width=9 height=20 xoff=248 yoff=20 />
	<glyph width=6 height=20 xoff=257 yoff=20 />
	<glyph width=8 height=20 xoff=263 yoff=20 />
	<glyph width=6 height=20 xoff=271 yoff=20 />
	<glyph width=9 height=20 xoff=277 yoff=20 />
	<glyph width=9 height=20 xoff=286 yoff=20 />
	<glyph width=13 height=20 xoff=295 yoff=20 />
	<glyph width=9 height=20 xoff=308 yoff=20 />
	<glyph width=9 height=20 xoff=317 yoff=20 />
	<glyph width=9 height=20 xoff=326 yoff=20 />
	<glyph width=10 height=20 xoff=335 yoff=20 />
	<glyph width=7 height=20 xoff=345 yoff=20 />
	<glyph width=10 height=20 xoff=352 yoff=20 />
	<glyph width=12 height=20 xoff=362 yoff=20 />
	<glyph width=6 height=20 xoff=374 yoff=20 />
	<glyph width=7 height=20 xoff=380 yoff=20 />
	<glyph width=8 height=20 xoff=387 yoff=20 />
	<glyph width=13 height=20 xoff=395 yoff=20 />
	<glyph width=11 height=20 xoff=408 yoff=20 />
	<glyph width=17 height=20 xoff=419 yoff=20 />
	<glyph width=1 height=20 xoff=436 yoff=20 />
	<glyph width=5 height=20 xoff=437 yoff=20 />
	<glyph width=8 height=20 xoff=442 yoff=20 />
	<glyph width=8 height=20 xoff=450 yoff=20 />
	<glyph width=11 height=20 xoff=458 yoff=20 />
	<glyph width=13 height=20 xoff=469 yoff=20 />
	<glyph width=6 height=20 xoff=482 yoff=20 />
	<glyph width=8 height=20 xoff=488 yoff=20 />
	<glyph width=6 height=20 xoff=496 yoff=20 />
	<glyph width=8 height=20 xoff=502 yoff=20 />
	<glyph width=11 height=20 xoff=0 yoff=40 />
	<glyph width=11 height=20 xoff=11 yoff=40 />
	<glyph width=11 height=20 xoff=22 yoff=40 />
	<glyph width=11 height=20 xoff=33 yoff=40 />
	<glyph width=11 height=20 xoff=44 yoff=40 />
	<glyph width=11 height=20 xoff=55 yoff=40 />
	<glyph width=11 height=20 xoff=66 yoff=40 />
	<glyph width=11 height=20 xoff=77 yoff=40 />
	<glyph width=11 height=20 xoff=88 yoff=40 />
	<glyph width=11 height=20 xoff=99 yoff=40 />
	<glyph width=8 height=20 xoff=110 yoff=40 />
	<glyph width=8 height=20 xoff=118 yoff=40 />
	<glyph width=13 height=20 xoff=126 yoff=40 />
	<glyph width=13 height=20 xoff=139 yoff=40 />
	<glyph width=13 height=20 xoff=152 yoff=40 />
	<glyph width=9 height=20 xoff=165 yoff=40 />
	<glyph width=16 height=20 xoff=174 yoff=40 />
	<glyph width=11 height=20 xoff=190 yoff=40 />
	<glyph width=11 height=20 xoff=201 yoff=40 />
	<glyph width=12 height=20 xoff=212 yoff=40 />
	<glyph width=12 height=20 xoff=224 yoff=40 />
	<glyph width=10 height=20 xoff=236 yoff=40 />
	<glyph width=10 height=20 xoff=246 yoff=40 />
	<glyph width=13 height=20 xoff=256 yoff=40 />
	<glyph width=12 height=20 xoff=269 yoff=40 />
	<glyph width=6 height=20 xoff=281 yoff=40 />
	<glyph width=8 height=20 xoff=287 yoff=40 />
	<glyph width=11 height=20 xoff=295 yoff=40 />
	<glyph width=9 height=20 xoff=306 yoff=40 />
	<glyph width=14 height=20 xoff=315 yoff=40 />
	<glyph width=12 height=20 xoff=329 yoff=40 />
	<glyph width=13 height=20 xoff=341 yoff=40 />
	<glyph width=10 height=20 xoff=354 yoff=40 />
	<glyph width=13 height=20 xoff=364 yoff=40 />
	<glyph width=11 height=20 xoff=377 yoff=40 />
	<glyph width=11 height=20 xoff=388 yoff=40 />
	<glyph width=10 height=20 xoff=399 yoff=40 />
	<glyph width=12 height=20 xoff=409 yoff=40 />
	<glyph width=11 height=20 xoff=421 yoff=40 />
	<glyph width=16 height=20 xoff=432 yoff=40 />
	<glyph width=11 height=20 xoff=448 yoff=40 />
	<glyph width=10 height=20 xoff=459 yoff=40 />
	<glyph width=11 height=20 xoff=469 yoff=40 />
	<glyph width=8 height=20 xoff=480 yoff=40 />
	<glyph width=8 height=20 xoff=488 yoff=40 />
	<glyph width=8 height=20 xoff=496 yoff=40 />
	<glyph width=13 height=20 xoff=0 yoff=60 />
	<glyph width=11 height=20 xoff=13 yoff=60 />
	<glyph width=11 height=20 xoff=24 yoff=60 />
	<glyph width=10 height=20 xoff=35 yoff=60 />
	<glyph width=10 height=20 xoff=45 yoff=60 />
	<glyph width=9 height=20 xoff=55 yoff=60 />
	<glyph width=10 height=20 xoff=64 yoff=60 />
	<glyph width=10 height=20 xoff=74 yoff=60 />
	<glyph width=6 height=20 xoff=84 yoff=60 />
	<glyph width=10 height=20 xoff=90 yoff=60 />
	<glyph width=10 height=20 xoff=100 yoff=60 />
	<glyph width=4 height=20 xoff=110 yoff=60 />
	<glyph width=6 height=20 xoff=114 yoff=60 />
	<glyph width=10 height=20 xoff=120 yoff=60 />
	<glyph width=4 height=20 xoff=130 yoff=60 />
	<glyph width=16 height=20 xoff=134 yoff=60 />
	<glyph width=10 height=20 xoff=150 yoff=60 />
	<glyph width=11 height=20 xoff=160 yoff=60 />
	<glyph width=10 height=20 xoff=171 yoff=60 />
	<glyph width=10 height=20 xoff=181 yoff=60 />
	<glyph width=7 height=20 xoff=191 yoff=60 />
	<glyph width=9 height=20 xoff=198 yoff=60 />
	<glyph width=7 height=20 xoff=207 yoff=60 />
	<glyph width=10 height=20 xoff=214 yoff=60 />
	<glyph width=10 height=20 xoff=224 yoff=60 />
	<glyph width=14 height=20 xoff=234 yoff=60 />
	<glyph width=10 height=20 xoff=248 yoff=60 />
	<glyph width=10 height=20 xoff=258 yoff=60 />
	<glyph width=10 height=20 xoff=268 yoff=60 />
	<glyph width=11 height=20 xoff=278 yoff=60 />
	<glyph width=8 height=20 xoff=289 yoff=60 />
	<glyph width=11 height=20 xoff=297 yoff=60 />
	<glyph width=13 height=20 xoff=308 yoff=60 />
	<glyph width=6 height=20 xoff=321 yoff=60 />
	<glyph width=7 height=20 xoff=327 yoff=60 />
	<glyph width=8 height=20 xoff=334 yoff=60 />
	<glyph width=13 height=20 xoff=342 yoff=60 />
	<glyph width=11 height=20 xoff=355 yoff=60 />
	<glyph width=17 height=20 xoff=366 yoff=60 />
	<glyph width=0 height=20 xoff=383 yoff=60 />
	<glyph width=5 height=20 xoff=383 yoff=60 />
	<glyph width=8 height=20 xoff=388 yoff=60 />
	<glyph width=8 height=20 xoff=396 yoff=60 />
	<glyph width=11 height=20 xoff=404 yoff=60 />
	<glyph width=13 height=20 xoff=415 yoff=60 />
	<glyph width=6 height=20 xoff=428 yoff=60 />
	<glyph width=8 height=20 xoff=434 yoff=60 />
	<glyph width=6 height=20 xoff=442 yoff=60 />
	<glyph width=8 height=20 xoff=448 yoff=60 />
	<glyph width=11 height=20 xoff=456 yoff=60 />
	<glyph width=11 height=20 xoff=467 yoff=60 />
	<glyph width=11 height=20 xoff=478 yoff=60 />
	<glyph width=11 height=20 xoff=489 yoff=60 />
	<glyph width=11 height=20 xoff=500 yoff=60 />
	<glyph width=11 height=20 xoff=0 yoff=80 />
	<glyph width=11 height=20 xoff=11 yoff=80 />
	<glyph width=11 height=20 xoff=22 yoff=80 />
	<glyph width=11 height=20 xoff=33 yoff=80 />
	<glyph width=11 height=20 xoff=44 yoff=80 />
	<glyph width=8 height=20 xoff=55 yoff=80 />
	<glyph width=8 height=20 xoff=63 yoff=80 />
	<glyph width=13 height=20 xoff=71 yoff=80 />
	<glyph width=13 height=20 xoff=84 yoff=80 />
	<glyph width=13 height=20 xoff=97 yoff=80 />
	<glyph width=9 height=20 xoff=110 yoff=80 />
	<glyph width=16 height=20 xoff=119 yoff=80 />
	<glyph width=11 height=20 xoff=135 yoff=80 />
	<glyph width=11 height=20 xoff=146 yoff=80 />
	<glyph width=12 height=20 xoff=157 yoff=80 />
	<glyph width=12 height=20 xoff=169 yoff=80 />
	<glyph width=10 height=20 xoff=181 yoff=80 />
	<glyph width=10 height=20 xoff=191 yoff=80 />
	<glyph width=13 height=20 xoff=201 yoff=80 />
	<glyph width=12 height=20 xoff=214 yoff=80 />
	<glyph width=6 height=20 xoff=226 yoff=80 />
	<glyph width=8 height=20 xoff=232 yoff=80 />
	<glyph width=11 height=20 xoff=240 yoff=80 />
	<glyph width=9 height=20 xoff=251 yoff=80 />
	<glyph width=14 height=20 xoff=260 yoff=80 />
	<glyph width=12 height=20 xoff=274 yoff=80 />
	<glyph width=13 height=20 xoff=286 yoff=80 />
	<glyph width=10 height=20 xoff=299 yoff=80 />
	<glyph width=13 height=20 xoff=309 yoff=80 />
	<glyph width=11 height=20 xoff=322 yoff=80 />
	<glyph width=11 height=20 xoff=333 yoff=80 />
	<glyph width=10 height=20 xoff=344 yoff=80 />
	<glyph width=12 height=20 xoff=354 yoff=80 />
	<glyph width=11 height=20 xoff=366 yoff=80 />
	<glyph width=16 height=20 xoff=377 yoff=80 />
	<glyph width=11 height=20 xoff=393 yoff=80 />
	<glyph width=10 height=20 xoff=404 yoff=80 />
	<glyph width=11 height=20 xoff=414 yoff=80 />
	<glyph width=8 height=20 xoff=425 yoff=80 />
	<glyph width=8 height=20 xoff=433 yoff=80 />
	<glyph width=8 height=20 xoff=441 yoff=80 />
	<glyph width=13 height=20 xoff=449 yoff=80 />
	<glyph width=11 height=20 xoff=462 yoff=80 />
	<glyph width=11 height=20 xoff=473 yoff=80 />
	<glyph width=10 height=20 xoff=484 yoff=80 />
	<glyph width=10 height=20 xoff=494 yoff=80 />
	<glyph width=9 height=20 xoff=0 yoff=100 />
	<glyph width=10 height=20 xoff=9 yoff=100 />
	<glyph width=10 height=20 xoff=19 yoff=100 />
	<glyph width=6 height=20 xoff=29 yoff=100 />
	<glyph width=10 height=20 xoff=35 yoff=100 />
	<glyph width=10 height=20 xoff=45 yoff=100 />
	<glyph width=4 height=20 xoff=55 yoff=100 />
	<glyph width=6 height=20 xoff=59 yoff=100 />
	<glyph width=10 height=20 xoff=65 yoff=100 />
	<glyph width=4 height=20 xoff=75 yoff=100 />
	<glyph width=16 height=20 xoff=79 yoff=100 />
	<glyph width=10 height=20 xoff=95 yoff=100 />
	<glyph width=11 height=20 xoff=105 yoff=100 />
	<glyph width=10 height=20 xoff=116 yoff=100 />
	<glyph width=10 height=20 xoff=126 yoff=100 />
	<glyph width=7 height=20 xoff=136 yoff=100 />
	<glyph width=9 height=20 xoff=143 yoff=100 />
	<glyph width=7 height=20 xoff=152 yoff=100 />
	<glyph width=10 height=20 xoff=159 yoff=100 />
	<glyph width=10 height=20 xoff=169 yoff=100 />
	<glyph width=14 height=20 xoff=179 yoff=100 />
	<glyph width=10 height=20 xoff=193 yoff=100 />
	<glyph width=10 height=20 xoff=203 yoff=100 />
	<glyph width=10 height=20 xoff=213 yoff=100 />
	<glyph width=11 height=20 xoff=223 yoff=100 />
	<glyph width=8 height=20 xoff=234 yoff=100 />
	<glyph width=11 height=20 xoff=242 yoff=100 />
	<glyph width=13 height=20 xoff=253 yoff=100 />
	<glyph width=0 height=0 xoff=0 yoff=0 />
</font>
