<?xml version="1.0">
<font 
 min_char=32 max_char=126 
 italic_start=95 italic_end=189 
 bold_start=190 bold_end=285 >
	<glyph width=4 height=18 xoff=0 yoff=0 />
	<glyph width=5 height=18 xoff=4 yoff=0 />
	<glyph width=6 height=18 xoff=9 yoff=0 />
	<glyph width=9 height=18 xoff=15 yoff=0 />
	<glyph width=9 height=18 xoff=24 yoff=0 />
	<glyph width=14 height=18 xoff=33 yoff=0 />
	<glyph width=11 height=18 xoff=47 yoff=0 />
	<glyph width=3 height=18 xoff=58 yoff=0 />
	<glyph width=5 height=18 xoff=61 yoff=0 />
	<glyph width=5 height=18 xoff=66 yoff=0 />
	<glyph width=6 height=18 xoff=71 yoff=0 />
	<glyph width=9 height=18 xoff=77 yoff=0 />
	<glyph width=4 height=18 xoff=86 yoff=0 />
	<glyph width=5 height=18 xoff=90 yoff=0 />
	<glyph width=4 height=18 xoff=95 yoff=0 />
	<glyph width=4 height=18 xoff=99 yoff=0 />
	<glyph width=9 height=18 xoff=103 yoff=0 />
	<glyph width=9 height=18 xoff=112 yoff=0 />
	<glyph width=9 height=18 xoff=121 yoff=0 />
	<glyph width=9 height=18 xoff=130 yoff=0 />
	<glyph width=9 height=18 xoff=139 yoff=0 />
	<glyph width=9 height=18 xoff=148 yoff=0 />
	<glyph width=9 height=18 xoff=157 yoff=0 />
	<glyph width=9 height=18 xoff=166 yoff=0 />
	<glyph width=9 height=18 xoff=175 yoff=0 />
	<glyph width=9 height=18 xoff=184 yoff=0 />
	<glyph width=4 height=18 xoff=193 yoff=0 />
	<glyph width=4 height=18 xoff=197 yoff=0 />
	<glyph width=9 height=18 xoff=201 yoff=0 />
	<glyph width=9 height=18 xoff=210 yoff=0 />
	<glyph width=9 height=18 xoff=219 yoff=0 />
	<glyph width=9 height=18 xoff=228 yoff=0 />
	<glyph width=16 height=18 xoff=237 yoff=0 />
	<glyph width=11 height=18 xoff=253 yoff=0 />
	<glyph width=11 height=18 xoff=264 yoff=0 />
	<glyph width=12 height=18 xoff=275 yoff=0 />
	<glyph width=12 height=18 xoff=287 yoff=0 />
	<glyph width=11 height=18 xoff=299 yoff=0 />
	<glyph width=10 height=18 xoff=310 yoff=0 />
	<glyph width=12 height=18 xoff=320 yoff=0 />
	<glyph width=11 height=18 xoff=332 yoff=0 />
	<glyph width=3 height=18 xoff=343 yoff=0 />
	<glyph width=8 height=18 xoff=346 yoff=0 />
	<glyph width=11 height=18 xoff=354 yoff=0 />
	<glyph width=9 height=18 xoff=365 yoff=0 />
	<glyph width=13 height=18 xoff=374 yoff=0 />
	<glyph width=11 height=18 xoff=387 yoff=0 />
	<glyph width=12 height=18 xoff=398 yoff=0 />
	<glyph width=11 height=18 xoff=410 yoff=0 />
	<glyph width=12 height=18 xoff=421 yoff=0 />
	<glyph width=11 height=18 xoff=433 yoff=0 />
	<glyph width=11 height=18 xoff=444 yoff=0 />
	<glyph width=9 height=18 xoff=455 yoff=0 />
	<glyph width=11 height=18 xoff=464 yoff=0 />
	<glyph width=11 height=18 xoff=475 yoff=0 />
	<glyph width=15 height=18 xoff=486 yoff=0 />
	<glyph width=11 height=18 xoff=501 yoff=0 />
	<glyph width=9 height=18 xoff=0 yoff=18 />
	<glyph width=9 height=18 xoff=9 yoff=18 />
	<glyph width=4 height=18 xoff=18 yoff=18 />
	<glyph width=4 height=18 xoff=22 yoff=18 />
	<glyph width=4 height=18 xoff=26 yoff=18 />
	<glyph width=7 height=18 xoff=30 yoff=18 />
	<glyph width=9 height=18 xoff=37 yoff=18 />
	<glyph width=5 height=18 xoff=46 yoff=18 />
	<glyph width=9 height=18 xoff=51 yoff=18 />
	<glyph width=9 height=18 xoff=60 yoff=18 />
	<glyph width=8 height=18 xoff=69 yoff=18 />
	<glyph width=9 height=18 xoff=77 yoff=18 />
	<glyph width=9 height=18 xoff=86 yoff=18 />
	<glyph width=4 height=18 xoff=95 yoff=18 />
	<glyph width=9 height=18 xoff=99 yoff=18 />
	<glyph width=8 height=18 xoff=108 yoff=18 />
	<glyph width=4 height=18 xoff=116 yoff=18 />
	<glyph width=3 height=18 xoff=120 yoff=18 />
	<glyph width=8 height=18 xoff=123 yoff=18 />
	<glyph width=3 height=18 xoff=131 yoff=18 />
	<glyph width=13 height=18 xoff=134 yoff=18 />
	<glyph width=8 height=18 xoff=147 yoff=18 />
	<glyph width=9 height=18 xoff=155 yoff=18 />
	<glyph width=9 height=18 xoff=164 yoff=18 />
	<glyph width=9 height=18 xoff=173 yoff=18 />
	<glyph width=5 height=18 xoff=182 yoff=18 />
	<glyph width=8 height=18 xoff=187 yoff=18 />
	<glyph width=4 height=18 xoff=195 yoff=18 />
	<glyph width=8 height=18 xoff=199 yoff=18 />
	<glyph width=7 height=18 xoff=207 yoff=18 />
	<glyph width=11 height=18 xoff=214 yoff=18 />
	<glyph width=7 height=18 xoff=225 yoff=18 />
	<glyph width=7 height=18 xoff=232 yoff=18 />
	<glyph width=7 height=18 xoff=239 yoff=18 />
	<glyph width=5 height=18 xoff=246 yoff=18 />
	<glyph width=3 height=18 xoff=251 yoff=18 />
	<glyph width=5 height=18 xoff=254 yoff=18 />
	<glyph width=9 height=18 xoff=259 yoff=18 />
	<glyph width=5 height=19 xoff=268 yoff=18 />
	<glyph width=5 height=19 xoff=273 yoff=18 />
	<glyph width=7 height=19 xoff=278 yoff=18 />
	<glyph width=10 height=19 xoff=285 yoff=18 />
	<glyph width=10 height=19 xoff=295 yoff=18 />
	<glyph width=15 height=19 xoff=305 yoff=18 />
	<glyph width=1 height=19 xoff=320 yoff=18 />
	<glyph width=4 height=19 xoff=321 yoff=18 />
	<glyph width=6 height=19 xoff=325 yoff=18 />
	<glyph width=6 height=19 xoff=331 yoff=18 />
	<glyph width=7 height=19 xoff=337 yoff=18 />
	<glyph width=10 height=19 xoff=344 yoff=18 />
	<glyph width=5 height=19 xoff=354 yoff=18 />
	<glyph width=6 height=19 xoff=359 yoff=18 />
	<glyph width=5 height=19 xoff=365 yoff=18 />
	<glyph width=5 height=19 xoff=370 yoff=18 />
	<glyph width=10 height=19 xoff=375 yoff=18 />
	<glyph width=10 height=19 xoff=385 yoff=18 />
	<glyph width=10 height=19 xoff=395 yoff=18 />
	<glyph width=10 height=19 xoff=405 yoff=18 />
	<glyph width=10 height=19 xoff=415 yoff=18 />
	<glyph width=10 height=19 xoff=425 yoff=18 />
	<glyph width=10 height=19 xoff=435 yoff=18 />
	<glyph width=10 height=19 xoff=445 yoff=18 />
	<glyph width=10 height=19 xoff=455 yoff=18 />
	<glyph width=10 height=19 xoff=465 yoff=18 />
	<glyph width=5 height=19 xoff=475 yoff=18 />
	<glyph width=5 height=19 xoff=480 yoff=18 />
	<glyph width=10 height=19 xoff=485 yoff=18 />
	<glyph width=10 height=19 xoff=495 yoff=18 />
	<glyph width=10 height=19 xoff=0 yoff=37 />
	<glyph width=10 height=19 xoff=10 yoff=37 />
	<glyph width=17 height=19 xoff=20 yoff=37 />
	<glyph width=12 height=19 xoff=37 yoff=37 />
	<glyph width=12 height=19 xoff=49 yoff=37 />
	<glyph width=13 height=19 xoff=61 yoff=37 />
	<glyph width=13 height=19 xoff=74 yoff=37 />
	<glyph width=12 height=19 xoff=87 yoff=37 />
	<glyph width=11 height=19 xoff=99 yoff=37 />
	<glyph width=13 height=19 xoff=110 yoff=37 />
	<glyph width=13 height=19 xoff=123 yoff=37 />
	<glyph width=5 height=19 xoff=136 yoff=37 />
	<glyph width=9 height=19 xoff=141 yoff=37 />
	<glyph width=12 height=19 xoff=150 yoff=37 />
	<glyph width=10 height=19 xoff=162 yoff=37 />
	<glyph width=15 height=19 xoff=172 yoff=37 />
	<glyph width=13 height=19 xoff=187 yoff=37 />
	<glyph width=13 height=19 xoff=200 yoff=37 />
	<glyph width=12 height=19 xoff=213 yoff=37 />
	<glyph width=13 height=19 xoff=225 yoff=37 />
	<glyph width=13 height=19 xoff=238 yoff=37 />
	<glyph width=12 height=19 xoff=251 yoff=37 />
	<glyph width=11 height=19 xoff=263 yoff=37 />
	<glyph width=13 height=19 xoff=274 yoff=37 />
	<glyph width=12 height=19 xoff=287 yoff=37 />
	<glyph width=16 height=19 xoff=299 yoff=37 />
	<glyph width=12 height=19 xoff=315 yoff=37 />
	<glyph width=12 height=19 xoff=327 yoff=37 />
	<glyph width=11 height=19 xoff=339 yoff=37 />
	<glyph width=5 height=19 xoff=350 yoff=37 />
	<glyph width=5 height=19 xoff=355 yoff=37 />
	<glyph width=5 height=19 xoff=360 yoff=37 />
	<glyph width=9 height=19 xoff=365 yoff=37 />
	<glyph width=10 height=19 xoff=374 yoff=37 />
	<glyph width=6 height=19 xoff=384 yoff=37 />
	<glyph width=10 height=19 xoff=390 yoff=37 />
	<glyph width=10 height=19 xoff=400 yoff=37 />
	<glyph width=9 height=19 xoff=410 yoff=37 />
	<glyph width=10 height=19 xoff=419 yoff=37 />
	<glyph width=10 height=19 xoff=429 yoff=37 />
	<glyph width=5 height=19 xoff=439 yoff=37 />
	<glyph width=10 height=19 xoff=444 yoff=37 />
	<glyph width=10 height=19 xoff=454 yoff=37 />
	<glyph width=5 height=19 xoff=464 yoff=37 />
	<glyph width=5 height=19 xoff=469 yoff=37 />
	<glyph width=9 height=19 xoff=474 yoff=37 />
	<glyph width=5 height=19 xoff=483 yoff=37 />
	<glyph width=15 height=19 xoff=488 yoff=37 />
	<glyph width=10 height=19 xoff=0 yoff=56 />
	<glyph width=10 height=19 xoff=10 yoff=56 />
	<glyph width=10 height=19 xoff=20 yoff=56 />
	<glyph width=10 height=19 xoff=30 yoff=56 />
	<glyph width=6 height=19 xoff=40 yoff=56 />
	<glyph width=9 height=19 xoff=46 yoff=56 />
	<glyph width=5 height=19 xoff=55 yoff=56 />
	<glyph width=10 height=19 xoff=60 yoff=56 />
	<glyph width=9 height=19 xoff=70 yoff=56 />
	<glyph width=10 height=19 xoff=79 yoff=56 />
	<glyph width=9 height=19 xoff=89 yoff=56 />
	<glyph width=9 height=19 xoff=98 yoff=56 />
	<glyph width=8 height=19 xoff=107 yoff=56 />
	<glyph width=6 height=19 xoff=115 yoff=56 />
	<glyph width=5 height=19 xoff=121 yoff=56 />
	<glyph width=6 height=19 xoff=126 yoff=56 />
	<glyph width=10 height=19 xoff=132 yoff=56 />
	<glyph width=4 height=19 xoff=142 yoff=56 />
	<glyph width=4 height=19 xoff=146 yoff=56 />
	<glyph width=8 height=19 xoff=150 yoff=56 />
	<glyph width=9 height=19 xoff=158 yoff=56 />
	<glyph width=9 height=19 xoff=167 yoff=56 />
	<glyph width=16 height=19 xoff=176 yoff=56 />
	<glyph width=0 height=19 xoff=192 yoff=56 />
	<glyph width=4 height=19 xoff=192 yoff=56 />
	<glyph width=5 height=19 xoff=196 yoff=56 />
	<glyph width=5 height=19 xoff=201 yoff=56 />
	<glyph width=6 height=19 xoff=206 yoff=56 />
	<glyph width=9 height=19 xoff=212 yoff=56 />
	<glyph width=4 height=19 xoff=221 yoff=56 />
	<glyph width=5 height=19 xoff=225 yoff=56 />
	<glyph width=4 height=19 xoff=230 yoff=56 />
	<glyph width=4 height=19 xoff=234 yoff=56 />
	<glyph width=9 height=19 xoff=238 yoff=56 />
	<glyph width=9 height=19 xoff=247 yoff=56 />
	<glyph width=9 height=19 xoff=256 yoff=56 />
	<glyph width=9 height=19 xoff=265 yoff=56 />
	<glyph width=9 height=19 xoff=274 yoff=56 />
	<glyph width=9 height=19 xoff=283 yoff=56 />
	<glyph width=9 height=19 xoff=292 yoff=56 />
	<glyph width=9 height=19 xoff=301 yoff=56 />
	<glyph width=9 height=19 xoff=310 yoff=56 />
	<glyph width=9 height=19 xoff=319 yoff=56 />
	<glyph width=6 height=19 xoff=328 yoff=56 />
	<glyph width=6 height=19 xoff=334 yoff=56 />
	<glyph width=9 height=19 xoff=340 yoff=56 />
	<glyph width=9 height=19 xoff=349 yoff=56 />
	<glyph width=9 height=19 xoff=358 yoff=56 />
	<glyph width=10 height=19 xoff=367 yoff=56 />
	<glyph width=16 height=19 xoff=377 yoff=56 />
	<glyph width=11 height=19 xoff=393 yoff=56 />
	<glyph width=12 height=19 xoff=404 yoff=56 />
	<glyph width=12 height=19 xoff=416 yoff=56 />
	<glyph width=12 height=19 xoff=428 yoff=56 />
	<glyph width=11 height=19 xoff=440 yoff=56 />
	<glyph width=10 height=19 xoff=451 yoff=56 />
	<glyph width=12 height=19 xoff=461 yoff=56 />
	<glyph width=12 height=19 xoff=473 yoff=56 />
	<glyph width=4 height=19 xoff=485 yoff=56 />
	<glyph width=9 height=19 xoff=489 yoff=56 />
	<glyph width=12 height=19 xoff=498 yoff=56 />
	<glyph width=10 height=19 xoff=0 yoff=75 />
	<glyph width=13 height=19 xoff=10 yoff=75 />
	<glyph width=12 height=19 xoff=23 yoff=75 />
	<glyph width=12 height=19 xoff=35 yoff=75 />
	<glyph width=11 height=19 xoff=47 yoff=75 />
	<glyph width=12 height=19 xoff=58 yoff=75 />
	<glyph width=12 height=19 xoff=70 yoff=75 />
	<glyph width=11 height=19 xoff=82 yoff=75 />
	<glyph width=10 height=19 xoff=93 yoff=75 />
	<glyph width=12 height=19 xoff=103 yoff=75 />
	<glyph width=11 height=19 xoff=115 yoff=75 />
	<glyph width=15 height=19 xoff=126 yoff=75 />
	<glyph width=11 height=19 xoff=141 yoff=75 />
	<glyph width=10 height=19 xoff=152 yoff=75 />
	<glyph width=9 height=19 xoff=162 yoff=75 />
	<glyph width=5 height=19 xoff=171 yoff=75 />
	<glyph width=4 height=19 xoff=176 yoff=75 />
	<glyph width=5 height=19 xoff=180 yoff=75 />
	<glyph width=9 height=19 xoff=185 yoff=75 />
	<glyph width=9 height=19 xoff=194 yoff=75 />
	<glyph width=5 height=19 xoff=203 yoff=75 />
	<glyph width=9 height=19 xoff=208 yoff=75 />
	<glyph width=10 height=19 xoff=217 yoff=75 />
	<glyph width=9 height=19 xoff=227 yoff=75 />
	<glyph width=10 height=19 xoff=236 yoff=75 />
	<glyph width=9 height=19 xoff=246 yoff=75 />
	<glyph width=5 height=19 xoff=255 yoff=75 />
	<glyph width=10 height=19 xoff=260 yoff=75 />
	<glyph width=10 height=19 xoff=270 yoff=75 />
	<glyph width=4 height=19 xoff=280 yoff=75 />
	<glyph width=4 height=19 xoff=284 yoff=75 />
	<glyph width=9 height=19 xoff=288 yoff=75 />
	<glyph width=4 height=19 xoff=297 yoff=75 />
	<glyph width=14 height=19 xoff=301 yoff=75 />
	<glyph width=10 height=19 xoff=315 yoff=75 />
	<glyph width=10 height=19 xoff=325 yoff=75 />
	<glyph width=10 height=19 xoff=335 yoff=75 />
	<glyph width=10 height=19 xoff=345 yoff=75 />
	<glyph width=6 height=19 xoff=355 yoff=75 />
	<glyph width=9 height=19 xoff=361 yoff=75 />
	<glyph width=5 height=19 xoff=370 yoff=75 />
	<glyph width=10 height=19 xoff=375 yoff=75 />
	<glyph width=9 height=19 xoff=385 yoff=75 />
	<glyph width=13 height=19 xoff=394 yoff=75 />
	<glyph width=9 height=19 xoff=407 yoff=75 />
	<glyph width=9 height=19 xoff=416 yoff=75 />
	<glyph width=9 height=19 xoff=425 yoff=75 />
	<glyph width=6 height=19 xoff=434 yoff=75 />
	<glyph width=4 height=19 xoff=440 yoff=75 />
	<glyph width=6 height=19 xoff=444 yoff=75 />
	<glyph width=9 height=19 xoff=450 yoff=75 />
	<glyph width=0 height=0 xoff=0 yoff=0 />
</font>
