<?xml version="1.0">
<font
	min_char=32	max_char=126
	italic_start=95	italic_end=110
	bold_start=111	bold_end=111>
	<glyph width=9 height=15 xoff=0 yoff=0 />
	<glyph width=9 height=15 xoff=9 yoff=0 />
	<glyph width=9 height=15 xoff=18 yoff=0 />
	<glyph width=9 height=15 xoff=27 yoff=0 />
	<glyph width=9 height=15 xoff=36 yoff=0 />
	<glyph width=9 height=15 xoff=45 yoff=0 />
	<glyph width=9 height=15 xoff=54 yoff=0 />
	<glyph width=9 height=15 xoff=63 yoff=0 />
	<glyph width=9 height=15 xoff=72 yoff=0 />
	<glyph width=9 height=15 xoff=81 yoff=0 />
	<glyph width=9 height=15 xoff=90 yoff=0 />
	<glyph width=9 height=15 xoff=99 yoff=0 />
	<glyph width=9 height=15 xoff=108 yoff=0 />
	<glyph width=9 height=15 xoff=117 yoff=0 />
	<glyph width=9 height=15 xoff=126 yoff=0 />
	<glyph width=9 height=15 xoff=135 yoff=0 />
	<glyph width=9 height=15 xoff=144 yoff=0 />
	<glyph width=9 height=15 xoff=153 yoff=0 />
	<glyph width=9 height=15 xoff=162 yoff=0 />
	<glyph width=9 height=15 xoff=171 yoff=0 />
	<glyph width=9 height=15 xoff=180 yoff=0 />
	<glyph width=9 height=15 xoff=189 yoff=0 />
	<glyph width=9 height=15 xoff=198 yoff=0 />
	<glyph width=9 height=15 xoff=207 yoff=0 />
	<glyph width=9 height=15 xoff=216 yoff=0 />
	<glyph width=9 height=15 xoff=225 yoff=0 />
	<glyph width=9 height=15 xoff=234 yoff=0 />
	<glyph width=9 height=15 xoff=243 yoff=0 />
	<glyph width=9 height=15 xoff=0 yoff=15 />
	<glyph width=9 height=15 xoff=9 yoff=15 />
	<glyph width=9 height=15 xoff=18 yoff=15 />
	<glyph width=9 height=15 xoff=27 yoff=15 />
	<glyph width=9 height=15 xoff=36 yoff=15 />
	<glyph width=9 height=15 xoff=45 yoff=15 />
	<glyph width=9 height=15 xoff=54 yoff=15 />
	<glyph width=9 height=15 xoff=63 yoff=15 />
	<glyph width=9 height=15 xoff=72 yoff=15 />
	<glyph width=9 height=15 xoff=81 yoff=15 />
	<glyph width=9 height=15 xoff=90 yoff=15 />
	<glyph width=9 height=15 xoff=99 yoff=15 />
	<glyph width=9 height=15 xoff=108 yoff=15 />
	<glyph width=9 height=15 xoff=117 yoff=15 />
	<glyph width=9 height=15 xoff=126 yoff=15 />
	<glyph width=9 height=15 xoff=135 yoff=15 />
	<glyph width=9 height=15 xoff=144 yoff=15 />
	<glyph width=9 height=15 xoff=153 yoff=15 />
	<glyph width=9 height=15 xoff=162 yoff=15 />
	<glyph width=9 height=15 xoff=171 yoff=15 />
	<glyph width=9 height=15 xoff=180 yoff=15 />
	<glyph width=9 height=15 xoff=189 yoff=15 />
	<glyph width=9 height=15 xoff=198 yoff=15 />
	<glyph width=9 height=15 xoff=207 yoff=15 />
	<glyph width=9 height=15 xoff=216 yoff=15 />
	<glyph width=9 height=15 xoff=225 yoff=15 />
	<glyph width=9 height=15 xoff=234 yoff=15 />
	<glyph width=9 height=15 xoff=243 yoff=15 />
	<glyph width=9 height=15 xoff=0 yoff=30 />
	<glyph width=9 height=15 xoff=9 yoff=30 />
	<glyph width=9 height=15 xoff=18 yoff=30 />
	<glyph width=9 height=15 xoff=27 yoff=30 />
	<glyph width=9 height=15 xoff=36 yoff=30 />
	<glyph width=9 height=15 xoff=45 yoff=30 />
	<glyph width=9 height=15 xoff=54 yoff=30 />
	<glyph width=9 height=15 xoff=63 yoff=30 />
	<glyph width=9 height=15 xoff=72 yoff=30 />
	<glyph width=9 height=15 xoff=81 yoff=30 />
	<glyph width=9 height=15 xoff=90 yoff=30 />
	<glyph width=9 height=15 xoff=99 yoff=30 />
	<glyph width=9 height=15 xoff=108 yoff=30 />
	<glyph width=9 height=15 xoff=117 yoff=30 />
	<glyph width=9 height=15 xoff=126 yoff=30 />
	<glyph width=9 height=15 xoff=135 yoff=30 />
	<glyph width=9 height=15 xoff=144 yoff=30 />
	<glyph width=9 height=15 xoff=153 yoff=30 />
	<glyph width=9 height=15 xoff=162 yoff=30 />
	<glyph width=9 height=15 xoff=171 yoff=30 />
	<glyph width=9 height=15 xoff=180 yoff=30 />
	<glyph width=9 height=15 xoff=189 yoff=30 />
	<glyph width=9 height=15 xoff=198 yoff=30 />
	<glyph width=9 height=15 xoff=207 yoff=30 />
	<glyph width=9 height=15 xoff=216 yoff=30 />
	<glyph width=9 height=15 xoff=225 yoff=30 />
	<glyph width=9 height=15 xoff=234 yoff=30 />
	<glyph width=9 height=15 xoff=243 yoff=30 />
	<glyph width=9 height=15 xoff=0 yoff=45 />
	<glyph width=9 height=15 xoff=9 yoff=45 />
	<glyph width=9 height=15 xoff=18 yoff=45 />
	<glyph width=9 height=15 xoff=27 yoff=45 />
	<glyph width=9 height=15 xoff=36 yoff=45 />
	<glyph width=9 height=15 xoff=45 yoff=45 />
	<glyph width=9 height=15 xoff=54 yoff=45 />
	<glyph width=9 height=15 xoff=63 yoff=45 />
	<glyph width=9 height=15 xoff=72 yoff=45 />
	<glyph width=9 height=15 xoff=81 yoff=45 />
	<glyph width=9 height=15 xoff=90 yoff=45 />
	<glyph width=10 height=15 xoff=99 yoff=45 />
	<glyph width=10 height=15 xoff=109 yoff=45 />
	<glyph width=10 height=15 xoff=119 yoff=45 />
	<glyph width=10 height=15 xoff=129 yoff=45 />
	<glyph width=10 height=15 xoff=139 yoff=45 />
	<glyph width=10 height=15 xoff=149 yoff=45 />
	<glyph width=1 height=15 xoff=159 yoff=45 />
	<glyph width=10 height=15 xoff=160 yoff=45 />
	<glyph width=10 height=15 xoff=170 yoff=45 />
	<glyph width=10 height=15 xoff=180 yoff=45 />
	<glyph width=10 height=15 xoff=190 yoff=45 />
	<glyph width=10 height=15 xoff=200 yoff=45 />
	<glyph width=10 height=15 xoff=210 yoff=45 />
	<glyph width=10 height=15 xoff=220 yoff=45 />
	<glyph width=10 height=15 xoff=230 yoff=45 />
	<glyph width=10 height=15 xoff=240 yoff=45 />
	<glyph width=0 height=0 xoff=0 yoff=0 />
</font>
